matricula,modelo,año,fabricante
1899ksj,RL,2002,Acura
3929enc,Mariner,2008,Mercury
1567kix,Bravada,1998,Oldsmobile
5337ybj,XL-7,2004,Suzuki
9907poo,Aspire,1996,Ford
5662qqh,Lumina,1996,Chevrolet
6471uom,Equator,2009,Suzuki
7842xtr,Regal,1990,Buick
0004qqt,900,1991,Saab
8537ecg,Econoline E350,1993,Ford
3562aea,RX Hybrid,2010,Lexus
7364duq,G-Class,2003,Mercedes-Benz
5645wdi,Dakota,2011,Ram
8932rta,Avalanche,2010,Chevrolet
6284zyz,G-Series G30,1993,Chevrolet
4281leq,Bonneville,1995,Pontiac
5926dby,Miata MX-5,1996,Mazda
2871ijj,Endeavor,2010,Mitsubishi
7078aqm,F450,2009,Ford
1646mmt,M5,2003,BMW
5616jxp,S6,2011,Audi
2897dsc,Sedona,2002,Kia
2133xxj,Cordia,1986,Mitsubishi
0521ouw,Passport,1999,Honda
8519fck,F-Series,2002,Ford
4510lhh,Cabriolet,1999,Volkswagen
4822wqj,Tempest,1967,Pontiac
6212gjf,Familia,1992,Mazda
0512apa,Arnage,2005,Bentley
5607ipz,Sonoma,2000,GMC
5831kuv,IS F,2008,Lexus
5814qte,Tacoma Xtra,1995,Toyota
2020xdf,NSX,1996,Acura
4313rql,Wrangler,1998,Jeep
4221fak,Truck,1989,Mitsubishi
8930xok,Yukon,2011,GMC
1507xcq,Xterra,2008,Nissan
1495ndg,Intrepid,1993,Dodge
1994ojc,X5,2011,BMW
3048zpb,Miata MX-5,2003,Mazda
2830usy,Sierra 2500,2011,GMC
1489wup,Traverse,2010,Chevrolet
4152zmr,E-350 Super Duty,2006,Ford
7970epa,CC,2011,Volkswagen
2792kcq,S-Class,1991,Mercedes-Benz
6015nqq,SJ,1995,Suzuki
9156trt,350Z,2003,Nissan
9078dpc,Savana 2500,2007,GMC
2413xwt,MDX,2001,Acura
8888rzk,98,1992,Oldsmobile
0374kst,Prius v,2012,Toyota
3274etn,Grand Voyager,1999,Plymouth
3681dye,G-Class,2005,Mercedes-Benz
3894kef,Mazda3,2007,Mazda
0918bfh,Achieva,1994,Oldsmobile
6293yrc,S60,2009,Volvo
8506dvc,X-90,1997,Suzuki
8466bas,Grand Marquis,1989,Mercury
6355qra,325,2006,BMW
0233ebo,900,1994,Saab
0903wxk,Tucson,2005,Hyundai
0543lmc,Sonata,1997,Hyundai
4256jdq,Impulse,1992,Isuzu
4854awu,Envoy,1999,GMC
1046wmc,Legacy,2002,Subaru
5240icd,RL,2003,Acura
9788rep,Golf,2000,Volkswagen
1817uwq,Escort ZX2,2003,Ford
1947zkb,SC,2006,Lexus
6994wyq,Cutlass Supreme,1997,Oldsmobile
3113tpy,S-Class,2011,Mercedes-Benz
6265pbx,Intrepid,2004,Dodge
7540qei,Passat,2004,Volkswagen
8902bke,Corvette,2003,Chevrolet
6857llo,Sorento,2011,Kia
9110fei,Forte,2010,Kia
3497wmf,tC,2005,Scion
0821yag,Club Wagon,1998,Ford
6503yia,929,1988,Mazda
4904vwg,Civic,2007,Honda
9900pld,Explorer,1995,Ford
8586wxp,Tucson,2008,Hyundai
2039elg,Boxster,2011,Porsche
8884uch,M3,2002,BMW
3943wqz,Camry Solara,2006,Toyota
7399gqu,xD,2012,Scion
7502nym,SC,2010,Lexus
8248gtv,Vision,1996,Eagle
4383bnz,Avalon,2012,Toyota
2956jxg,F150,2009,Ford
5770ceb,Safari,1998,GMC
6328sun,Model S,2012,Tesla
0048eqc,Supra,1995,Toyota
4181fqr,A4,1998,Audi
6138tnv,Gallardo,2010,Lamborghini
0464aoz,Savana 1500,1998,GMC
9035kmb,Challenger,2011,Dodge
1943qwe,Eclipse,2007,Mitsubishi
5433yit,Tracker,1993,Geo
6093int,Stealth,1993,Dodge
7530abp,Pajero,1998,Mitsubishi
6852syc,LS,2001,Lexus
8063xap,Grand Prix,1998,Pontiac
4847cef,Escalade,2008,Cadillac
2505fsl,Mazda5,2006,Mazda
9426ixi,Galant,1990,Mitsubishi
8615cfd,Truck,1991,Mitsubishi
2545hvn,Escort,1984,Ford
2919tao,Ram,2003,Dodge
1210wna,Discovery,2001,Land Rover
9408tpb,Econoline E350,2002,Ford
1526ncj,Eldorado,2001,Cadillac
3763pet,Express,2010,Chevrolet
8032orn,S60,2005,Volvo
5822jrr,500SEL,1993,Mercedes-Benz
1908tay,Ion,2004,Saturn
7373ted,Explorer,2011,Ford
4618smt,Forester,2000,Subaru
7975yuf,Trooper,1992,Isuzu
5310nfa,Leganza,1999,Daewoo
5131jbf,Xterra,2010,Nissan
9101fkh,Eclipse,1993,Mitsubishi
9088tsr,S-Type,2007,Jaguar
6425kzw,Camaro,1980,Chevrolet
4954ive,Malibu,2001,Chevrolet
0916qsp,300ZX,1992,Nissan
2602nrn,Skylark,1997,Buick
9901aid,M5,2006,BMW
1243lul,Azure T,2010,Bentley
5729srq,Cayman,2010,Porsche
4791ppj,Touareg,2003,Volkswagen
2886hfv,Accord,2003,Honda
1475xzf,Sierra 2500,2005,GMC
2851spl,Elantra,1995,Hyundai
1912ega,A6,1996,Audi
5468dkz,H1,1993,Hummer
3320plv,QX56,2009,Infiniti
4683kmr,6 Series,2006,BMW
3762hqr,Civic,1993,Honda
0252qje,1500,1999,Chevrolet
8787gnx,Baja,2005,Subaru
1006hbv,Blazer,1996,Chevrolet
9290att,Savana 3500,1998,GMC
0323syl,CTS,2010,Cadillac
5165ghi,i-Series,2008,Isuzu
8914mri,Skyhawk,1985,Buick
5823kwj,Altima,2008,Nissan
6781ums,Esteem,1998,Suzuki
4094uqf,MKZ,2009,Lincoln
1456mnj,G6,2006,Pontiac
0706wwr,Suburban 2500,2012,Chevrolet
8863nst,CX-5,2013,Mazda
6932qig,Ram Wagon B150,1994,Dodge
8770jlt,Aviator,2005,Lincoln
7527gme,Accord Crosstour,2010,Honda
5690tet,430,1991,Maserati
4336vqx,RL,1998,Acura
6826von,Corolla,2009,Toyota
1491zwd,Continental,1991,Lincoln
5052ter,E250,2012,Ford
9974vvm,Land Cruiser,2007,Toyota
4165jhe,Passat,1995,Volkswagen
6328nva,Sidekick,1996,Suzuki
6277szf,Riviera,1989,Buick
9612ljw,Town Car,1986,Lincoln
7075cri,Sparrow,2004,Corbin
1221ify,Element,2011,Honda
9525eoa,Verano,2012,Buick
8244qem,Aurora,1999,Oldsmobile
5076kgm,SLX,1999,Acura
1036djc,Passat,2002,Volkswagen
5367rgt,I,1998,Infiniti
2936pkr,F-Series,1994,Ford
6138xpn,HHR,2009,Chevrolet
9083fhb,C-Class,2009,Mercedes-Benz
9205ndt,350Z,2005,Nissan
3615kmv,M5,2001,BMW
2360wgx,MX-5,1996,Mazda
7519vlm,X6,2012,BMW
9763gxn,Maxima,2011,Nissan
3876ckx,Grand Marquis,2007,Mercury
9855nzn,Mirage,1989,Mitsubishi
1797ptf,Countach,1985,Lamborghini
5713hgj,Expedition,2009,Ford
0017rff,Spectra,2004,Kia
7054rlq,CX-9,2012,Mazda
4359opu,Millenia,1996,Mazda
6567bfb,7 Series,2000,BMW
7286dup,Phantom,2012,Rolls-Royce
9253jps,Flex,2009,Ford
2969vfs,Golf III,1993,Volkswagen
1867elk,LTD Crown Victoria,1989,Ford
1632skf,RAV4,2004,Toyota
3448icn,Sonata,1997,Hyundai
1783ywa,Town & Country,2004,Chrysler
9877ron,Dakota,2011,Ram
6920noy,300,2010,Chrysler
8321fln,New Beetle,2006,Volkswagen
7289kmu,H1,2000,Hummer
8609uwm,Pajero,1991,Mitsubishi
1044glw,MX-5,1994,Mazda
5566eva,Rio,2005,Kia
6074dqc,Amanti,2009,Kia
2938tth,Touareg,2009,Volkswagen
7744jnd,Firefly,1992,Pontiac
2209fxm,Sephia,1997,Kia
7467dvq,V70,2002,Volvo
2938eac,Exige,2009,Lotus
8480xio,Galant,2009,Mitsubishi
7274ert,GTO,2006,Pontiac
2416kyx,Camaro,2001,Chevrolet
4547wax,Suburban,2006,Chevrolet
8514xbb,Avalanche 1500,2003,Chevrolet
5564ujz,Summit,1993,Eagle
3020dlt,Montero Sport,2004,Mitsubishi
6611qvs,3500 Club Coupe,1997,GMC
0847gxh,Express 2500,2000,Chevrolet
1669hkc,1000,1984,Pontiac
9996cjc,T100,1995,Toyota
3038dnd,Loyale,1990,Subaru
3220dqp,E-Class,2009,Mercedes-Benz
3100oez,300TE,1993,Mercedes-Benz
9720rpb,Volare,1976,Plymouth
9409ros,RX-7,1983,Mazda
0863ebs,X5 M,2012,BMW
8757egu,Galant,2011,Mitsubishi
3302cli,Savana 1500,2000,GMC
8751ikh,Sienna,2005,Toyota
8210ldk,Escalade EXT,2011,Cadillac
5859qdh,CTS-V,2007,Cadillac
3542cmd,Malibu,2011,Chevrolet
5714yio,Silverado 2500,2012,Chevrolet
8725lgw,Sierra 2500,1999,GMC
7963cgp,Altima,2005,Nissan
5976jbf,Xtra,1993,Toyota
3740qkr,Traverse,2011,Chevrolet
9406dkr,Diamante,2005,Mitsubishi
1500mfr,F430,2009,Ferrari
8363xrv,GT-R,2011,Nissan
7012rxx,A3,2006,Audi
1318gzk,Aztek,2004,Pontiac
4681xff,Defender 90,1994,Land Rover
9470thl,LTD Crown Victoria,1986,Ford
3522pht,900,1997,Saab
9862ukx,Festiva,1989,Ford
5453mec,Grand Prix,1983,Pontiac
2583efy,Flex,2011,Ford
0526reu,Firebird,1997,Pontiac
8995qiv,GTI,2005,Volkswagen
6761wde,850,1994,Volvo
4878vpf,Transit Connect,2010,Ford
4062had,XJ Series,2001,Jaguar
4758nkt,Century,1989,Buick
3068ile,200,1990,Audi
6404bct,MX-5,2001,Mazda
0378fyp,Panamera,2011,Porsche
5702ltu,Sunfire,1998,Pontiac
8968jue,SSR,2005,Chevrolet
8834ywq,New Beetle,2006,Volkswagen
4076qur,F250,2007,Ford
2938qiw,MX-5,1998,Mazda
8629rnb,DTS,2008,Cadillac
4275lbr,Quest,2009,Nissan
9418wgd,A6,1996,Audi
6805mdv,Escort,2002,Ford
1966owv,CR-Z,2011,Honda
6423dvl,Rogue,2008,Nissan
3158jfb,Regal,1985,Buick
7218ilq,Ram 3500,2004,Dodge
9817wgo,Tempo,1984,Ford
8225wda,Cruze,2013,Chevrolet
5281fun,Suburban 2500,1997,Chevrolet
9659bgv,Land Cruiser,1993,Toyota
3973gon,Civic,1980,Honda
2968sol,S-Type,2004,Jaguar
1249uzj,Quest,1996,Nissan
9657ppw,Mazdaspeed 3,2007,Mazda
9874web,LTD,1986,Ford
6889cdn,XK,2012,Jaguar
6651rze,Aerostar,1995,Ford
6664qkg,Pajero,2006,Mitsubishi
2236ctj,911,1986,Porsche
8538wbl,90,1988,Audi
9114ogv,Tracker,1994,Geo
0367gkg,F150,1993,Ford
2717ock,Forte,2010,Kia
8490vno,GS,1997,Lexus
3240uvs,Mirage,1994,Mitsubishi
3233ctr,A6,1997,Audi
0248nym,57,2008,Maybach
2814jph,Trans Sport,1990,Pontiac
9016yrh,280ZX,1979,Nissan
7475eng,4Runner,2003,Toyota
9417hej,1500,1998,GMC
3049jhh,Odyssey,2007,Honda
9734hts,Celica,1992,Toyota
4602zyx,MR2,1994,Toyota
2005upt,Clubman,2009,MINI
6741zse,Galant,2011,Mitsubishi
7250jau,Cougar,1999,Mercury
4454qud,Z3,1999,BMW
7812ihx,Golf,2006,Volkswagen
8031phg,Mazdaspeed 3,2012,Mazda
2795xez,Civic,2010,Honda
2008ass,1500 Club Coupe,1999,GMC
2289upg,Bonneville,1990,Pontiac
7662kos,GTI,1997,Volkswagen
5081ecb,Regal,1996,Buick
5524agh,Expedition,2003,Ford
0661drp,Tacoma,2008,Toyota
3658dye,Miata MX-5,2004,Mazda
7828wyf,M3,2002,BMW
1227lre,850,1996,Volvo
8024fsr,A7,2012,Audi
4720omc,Solstice,2007,Pontiac
5729niy,IS F,2011,Lexus
2199cns,Mustang,1988,Ford
8042zmo,G6,2010,Pontiac
3934obh,Yukon XL 1500,2004,GMC
3642wfe,Yukon XL 1500,2008,GMC
2592bea,Grand Cherokee,1997,Jeep
3469ujv,Express 1500,1996,Chevrolet
8657onm,300ZX,1993,Nissan
2465iqd,Rogue,2008,Nissan
2271imn,Q,2001,Infiniti
3863ysd,Durango,1999,Dodge
9485ssa,G,1993,Infiniti
6211cwa,3500,1994,GMC
2700gvg,S6,2009,Audi
5717twi,Savana,2011,GMC
2070rhb,QX,1998,Infiniti
1857ykl,Taurus,2000,Ford
5889vle,Lucerne,2006,Buick
2491mpv,XK Series,2003,Jaguar
6832ykk,Sentra,2008,Nissan
5724fqq,600SL,1993,Mercedes-Benz
4202nqq,Insight,2005,Honda
3771pkv,B-Series,2005,Mazda
9997tww,Justy,1988,Subaru
4449uyf,M Roadster,2008,BMW
9898agv,NX,1992,Nissan
7234pyz,928,1985,Porsche
8804shz,Firefly,1986,Pontiac
4442fzr,Club Wagon,1997,Ford
1564ggq,Impreza,2010,Subaru
2930yxx,A6,2002,Audi
8747zjc,Civic,2004,Honda
9110agu,Mystique,1995,Mercury
9461qnn,SLK-Class,2002,Mercedes-Benz
6108usw,Crown Victoria,2005,Ford
0497sfh,Passat,2004,Volkswagen
1088lpv,SJ,1993,Suzuki
3299kra,Quest,1999,Nissan
3023ige,Stratus,1998,Dodge
3349hwm,iQ,2012,Scion
7431siy,Comanche,1992,Jeep
3384wjp,Montero,1998,Mitsubishi
2593lzq,300SD,1993,Mercedes-Benz
1025orb,Protege,1996,Mazda
9288jch,Suburban 2500,2009,Chevrolet
9732ryz,Avalon,2012,Toyota
1015fml,Fleetwood,1995,Cadillac
3348cei,Impreza WRX,2011,Subaru
1559fsy,S5,2008,Audi
7614fcx,Carrera GT,2004,Porsche
0280fna,Lancer,2001,Mitsubishi
6518grg,Firebird,1996,Pontiac
2421vpn,QX,2009,Infiniti
1257csc,A6,2009,Audi
9151mkx,M3,2010,BMW
5069cbc,Corvette,1992,Chevrolet
8055awy,3000GT,1995,Mitsubishi
0619ywy,928,1995,Porsche
0920oxv,Ram 3500,1994,Dodge
1548dcf,Laser,1991,Plymouth
1739xcn,S40,2010,Volvo
6930ffn,SLK-Class,1997,Mercedes-Benz
3588his,Discovery,2005,Land Rover
6240prj,Colorado,2008,Chevrolet
5123suo,Suburban 1500,2009,Chevrolet
7935kyi,Continental GT,2009,Bentley
9049tcl,Silverado,2006,Chevrolet
9638ody,F-Series,1988,Ford
0067euz,Caliber,2008,Dodge
8167kvv,xB,2004,Scion
6049kjr,600,1957,BMW
7690fgg,330,2006,BMW
3695ruy,Corvette,1987,Chevrolet
2534yef,Park Avenue,1997,Buick
6811syc,M3,2001,BMW
7974vre,C-Class,1995,Mercedes-Benz
0063vvq,Mustang,1986,Ford
4772pbc,Exige,2006,Lotus
3849jjr,Dakota Club,2003,Dodge
7044emm,MKS,2012,Lincoln
3228aea,F350,2008,Ford
6998ufm,Ram 2500,2002,Dodge
3050mtv,Spyder,2004,Maserati
7020dqs,Savana 1500,2009,GMC
1231nzk,Murciélago LP640,2008,Lamborghini
5521wxq,Grand Prix,2006,Pontiac
6032nsa,Veyron,2009,Bugatti
6703qex,Silhouette,1996,Oldsmobile
5517dtf,Dakota,2003,Dodge
4363pbm,CL-Class,2010,Mercedes-Benz
9071bml,Sable,1986,Mercury
5337kzz,9-5,1999,Saab
0473usy,G,2008,Infiniti
6019epr,New Yorker,1993,Chrysler
9589crs,SX4,2011,Suzuki
6180xoo,Pathfinder,2002,Nissan
1941sys,3500,1994,GMC
5657cwp,Blazer,2002,Chevrolet
6504zxf,Silverado 2500,2008,Chevrolet
1029ucf,Exige,2005,Lotus
0176nuc,XL-7,2004,Suzuki
4763jpb,LeBaron,1994,Chrysler
6469sag,GS,2011,Lexus
1444sou,F150,2010,Ford
4830fyr,Swift,1989,Suzuki
1863iab,LS,1998,Lexus
9959ciw,330,2006,BMW
3116ggb,3500,1994,GMC
3531xnb,Vibe,2007,Pontiac
8626lov,LeSabre,1991,Buick
6286xjw,Golf,1997,Volkswagen
4197buk,Escape,2000,Ford
1748cbt,XL-7,2007,Suzuki
7466vme,Impreza,2011,Subaru
5273xeb,Grand Cherokee,2002,Jeep
6898jkj,Continental GTC,2012,Bentley
8221hgg,Grand Caravan,2001,Dodge
9175kza,PT Cruiser,2006,Chrysler
2855lyq,Astro,1993,Chevrolet
7916muo,300ZX,1993,Nissan
4644mem,Q5,2012,Audi
2417fdb,LeSabre,1992,Buick
6303uzo,968,1995,Porsche
0756ssi,Arnage,2006,Bentley
1725brv,GS,2007,Lexus
7908rzh,TL,1998,Acura
3041ila,Galant,1996,Mitsubishi
6792ndu,Continental,1996,Lincoln
6734aoy,Grand Caravan,2006,Dodge
5200iqj,Navigator,2005,Lincoln
7496fyq,ES,1989,Lexus
6813nwq,ES,2008,Lexus
5751olp,Murciélago,2003,Lamborghini
7947ibd,Xterra,2006,Nissan
1859fxp,Camaro,2001,Chevrolet
0759cdm,V40,2001,Volvo
8504xhh,L300,1987,Mitsubishi
0966cyg,Bonneville,1986,Pontiac
4139uje,Mazdaspeed6,2007,Mazda
5881put,S4,2010,Audi
8143bir,Bronco,1987,Ford
0160pbg,Z8,2001,BMW
5255qqr,Rogue,2011,Nissan
4424gdf,Pajero,1995,Mitsubishi
4215lie,Mazdaspeed 3,2007,Mazda
4613qzf,Verona,2004,Suzuki
5019srz,LeBaron,1993,Chrysler
4644ubf,Sonata,2002,Hyundai
1188ajh,Expedition,2002,Ford
7126nhp,Roadster,2011,Tesla
3967gsn,Econoline E250,1993,Ford
3647ptw,Scirocco,1987,Volkswagen
9490stw,MKZ,2010,Lincoln
6571oqy,Veracruz,2007,Hyundai
0293ccr,Escort,2004,Ford
3616kbb,TSX,2007,Acura
4056vhn,Prizm,2000,Chevrolet
5486rwt,Starion,1986,Mitsubishi
3716rsz,S40,2003,Volvo
2938xhe,Range Rover,1994,Land Rover
5144vlg,Jetta,2008,Volkswagen
2568zlh,Frontier,2012,Nissan
4969imi,Sierra 1500,2007,GMC
7895blv,Capri,1993,Mercury
1851fyh,928,1995,Porsche
0930jvh,Legacy,2002,Subaru
2157jae,2500,1992,GMC
0510wsi,Passport,2002,Honda
1146pwk,Frontier,2002,Nissan
2723txc,Cooper Clubman,2009,MINI
2048hdg,Scirocco,1986,Volkswagen
6647sql,Savana 2500,1997,GMC
6340ulu,Outback Sport,2002,Subaru
3837pmk,Escort,1998,Ford
4471qls,GTI,2006,Volkswagen
0586der,Nitro,2011,Dodge
8358zso,MPV,2005,Mazda
4260dnj,Navigator L,2010,Lincoln
9952jsg,Envoy,2008,GMC
7959fbj,Regal,1999,Buick
5833dor,Yukon,2005,GMC
1571qdr,90,1995,Audi
5542djc,Escort,1993,Ford
4077ijn,Maxima,2001,Nissan
6356kvd,Elise,2005,Lotus
1153kgd,Montana SV6,2006,Pontiac
5749lgd,458 Italia,2011,Ferrari
5942mnj,626,1993,Mazda
6332wyo,Freelander,2011,Land Rover
0414txa,Prius,2009,Toyota
3485oyv,G3,2010,Pontiac
4110ekf,Continental,1986,Lincoln
8227oag,Cavalier,2003,Chevrolet
8349wvb,RX-7,1987,Mazda
8996ztl,Ascender,2008,Isuzu
4570pde,Rodeo,1997,Isuzu
5263iqx,Colt,1993,Dodge
7381lmx,Caprice,1992,Chevrolet
1034vhl,H1,2006,Hummer
2987jyp,Escalade EXT,2004,Cadillac
0583tjx,Traverse,2012,Chevrolet
6610fhy,Ram 3500,2009,Dodge
4408sif,Bonneville,1984,Pontiac
5637ffs,MX-6,1994,Mazda
0987sxk,S10 Blazer,1993,Chevrolet
6324kce,3500,1994,GMC
5854tlq,S-Series,2000,Saturn
5175rbb,Galant,1987,Mitsubishi
0393twu,Savana,2008,GMC
5469gxi,Metro,1993,Geo
6036xxk,Corrado,1990,Volkswagen
1805dlc,Cutlass,1999,Oldsmobile
1832viv,ES,2007,Lexus
7017fip,Highlander,2006,Toyota
1420uqm,Vantage,2008,Aston Martin
9973jca,Tundra,2005,Toyota
1833dlp,Laser,1985,Ford
4626cje,SJ,1985,Suzuki
4805gmi,B-Series Plus,2003,Mazda
1914zzu,Reno,2006,Suzuki
1212ifb,3 Series,2005,BMW
9633rhk,CTS-V,2007,Cadillac
1614wle,TrailBlazer,2006,Chevrolet
9550ykn,Sentra,2005,Nissan
7546kyb,S8,2003,Audi
5819paj,Grand Am,1985,Pontiac
0865xyr,Fox,1993,Volkswagen
3756cwy,Civic,1993,Honda
4375pyc,Express 2500,2011,Chevrolet
7428vir,Cayman,2011,Porsche
3984rnw,911,2011,Porsche
6831ryw,Camry Hybrid,2010,Toyota
3802qli,Gallardo,2003,Lamborghini
2462ver,MKS,2009,Lincoln
2027pdl,Z3,1996,BMW
0111pvc,Town Car,1986,Lincoln
0467fot,Brat,1985,Subaru
0040fmq,Navigator,2002,Lincoln
2494yvi,Acadia,2009,GMC
6601nqr,Swift,1995,Suzuki
9623cqh,Taurus,1999,Ford
8230tot,G6,2007,Pontiac
1229yez,Prius,2007,Toyota
3165ent,Mountaineer,2003,Mercury
1638cxu,Z3,1998,BMW
8926msw,Panamera,2010,Porsche
7922zug,Range Rover,2003,Land Rover
6419fba,8 Series,1994,BMW
7290uox,Continental,2000,Lincoln
3158bvs,Cougar,2002,Mercury
5658ric,Swift,1999,Suzuki
2651jjt,MX-5,2000,Mazda
2205wyp,7 Series,1992,BMW
8744kwz,Liberty,2005,Jeep
5384pcc,S-Series,2001,Saturn
8499wvw,Grand Caravan,1992,Dodge
1410plu,Mirage,2001,Mitsubishi
7581mvf,V12 Vantage,2011,Aston Martin
8991clb,Camaro,2002,Chevrolet
8472eum,Capri,1991,Mercury
2426oue,W201,1992,Mercedes-Benz
0352tbr,LTD Crown Victoria,1985,Ford
7283ohk,NSX,1992,Acura
1306rqo,Axiom,2004,Isuzu
6212rzs,Shadow,1994,Dodge
0266hqw,Safari,1986,Pontiac
9315grt,TL,2011,Acura
0340jyo,Outlander,2006,Mitsubishi
5662tkv,SRX,2012,Cadillac
8597ijj,FJ Cruiser,2010,Toyota
3745xsg,Silverado 3500,2001,Chevrolet
3034oii,Mustang,1968,Ford
9495hzr,Quest,2011,Nissan
2435kdf,E-Class,1985,Mercedes-Benz
3738bbb,RX-7,1990,Mazda
4018esg,XJ Series,1993,Jaguar
1451nyd,E-Class,2011,Mercedes-Benz
3028flf,Equinox,2012,Chevrolet
0274uhm,Pajero,2005,Mitsubishi
1474lln,525,2001,BMW
3951kge,Passat,1987,Volkswagen
6399gkw,Prius,2008,Toyota
0351oqw,Blazer,1998,Chevrolet
0505xmz,430 Scuderia,2008,Ferrari
8366ykn,Escalade,2000,Cadillac
7466ebk,Econoline E150,1999,Ford
6410tni,del Sol,1996,Honda
7451jom,Santa Fe,2007,Hyundai
3315ukv,Crossfire Roadster,2006,Chrysler
1981ebq,Discovery,1998,Land Rover
1608mbl,CTS-V,2006,Cadillac
3412suf,Rodeo,1995,Isuzu
4703ugg,Suburban 2500,2000,Chevrolet
3277idz,Escort,1993,Ford
2636weh,SJ,1986,Suzuki
5063bbi,Maxima,2002,Nissan
3667qzz,Alero,2002,Oldsmobile
2610obu,Legend,1993,Acura
5458qrn,CL-Class,1998,Mercedes-Benz
7195bwt,Gallardo,2007,Lamborghini
0370nqx,F430,2009,Ferrari
0871ptd,Corvette,1995,Chevrolet
3797gro,760,2003,BMW
5429bdd,Firefly,1995,Pontiac
4671zdd,G-Series G30,1993,Chevrolet
4091qun,Yukon,2012,GMC
8107kxe,Tahoe,2011,Chevrolet
1694kew,Rodeo,1996,Isuzu
5702acp,Ram 3500,1999,Dodge
3837omy,Grand Caravan,1994,Dodge
0676qws,Achieva,1993,Oldsmobile
8634lvb,B2000,1985,Mazda
2865ria,9000,1997,Saab
8512nyd,Bravada,1998,Oldsmobile
5645mcl,F250,1999,Ford
8483vvf,9-3,2009,Saab
9366ydg,Rendezvous,2003,Buick
6647vme,Grand Marquis,1984,Mercury
1506lid,SLK-Class,2007,Mercedes-Benz
5148vvb,SJ,1993,Suzuki
4143mjv,Vibe,2009,Pontiac
6513kjx,Silverado,2006,Chevrolet
9357cqi,Charger,2008,Dodge
0385gjl,Corvette,1984,Chevrolet
3701ope,400E,1992,Mercedes-Benz
2405bfa,C-Class,2004,Mercedes-Benz
1029esd,Ram 3500,1999,Dodge
0467ubs,Ram Van 1500,1997,Dodge
6835sdc,TrailBlazer,2002,Chevrolet
4206sut,599 GTB Fiorano,2010,Ferrari
0492mhf,Concorde,2002,Chrysler
4299mgk,Crown Victoria,2007,Ford
0761ink,4Runner,2010,Toyota
3897tic,Echo,2004,Toyota
6833eax,Avalanche,2012,Chevrolet
2204mzm,Galant,1994,Mitsubishi
2199ukh,Galaxie,1964,Ford
3303vmf,M,2003,Infiniti
1619wzn,626,1995,Mazda
7338isc,i-Series,2008,Isuzu
2051plf,Crosstour,2012,Honda
6733cxi,Tiguan,2010,Volkswagen
9629bwi,Grand Am,1996,Pontiac
4265naf,Camaro,1976,Chevrolet
9609bet,S80,2008,Volvo
9727eqp,Range Rover Sport,2010,Land Rover
3471adc,940,1992,Volvo
8994ngv,Sierra 2500,2011,GMC
9685drh,Entourage,2009,Hyundai
0361ekk,Astro,1999,Chevrolet
8613uwv,Justy,1987,Subaru
2405fpm,Sequoia,2005,Toyota
2667kxx,Breeze,1996,Plymouth
2433tmf,Quest,1998,Nissan
5346hop,MKS,2009,Lincoln
0518imf,F250,2003,Ford
0849zpj,Ranger,2004,Ford
6582tiu,Escort,1996,Ford
1536gzr,Savana,2006,GMC
1029xke,IS,2010,Lexus
5588fkm,Highlander,2004,Toyota
7611bke,Swift,1999,Suzuki
4399rfl,Fortwo,2012,Smart
4375iag,Diablo,1991,Lamborghini
8641lzx,Aurora,2003,Oldsmobile
7651knx,Versa,2008,Nissan
8085zgq,Firebird Trans Am,1986,Pontiac
6660sqx,Safari,1992,GMC
6923igq,A4,2002,Audi
4161rcr,MR2,1994,Toyota
1701bzo,3000GT,1992,Mitsubishi
0804xee,H3,2009,Hummer
5520xtb,Eclipse,2012,Mitsubishi
8362upm,Optima,2005,Kia
2406twk,Integra,1998,Acura
2145bfq,Challenger,2008,Dodge
2769rul,Aero 8,2009,Morgan
1182tyx,X6 M,2012,BMW
3754czd,Biturbo,1986,Maserati
4455ppp,Savana 2500,2005,GMC
0823fuy,C70,2003,Volvo
1318smw,Reventón,2008,Lamborghini
0405tqf,Range Rover,2000,Land Rover
5906bdl,Blazer,2002,Chevrolet
6037abr,E-Class,2009,Mercedes-Benz
5231bfo,Laser,1991,Plymouth
0462kmc,Coupe,2005,Maserati
2961rzs,Paseo,1997,Toyota
7024siy,XC90,2005,Volvo
4038uah,LTD Crown Victoria,1990,Ford
8352mjo,Tiguan,2011,Volkswagen
3613slg,Seville,1993,Cadillac
8213pwy,LS,2012,Lexus
1204udc,Soul,2011,Kia
7665zjf,L300,1989,Mitsubishi
9770dbn,XLR,2009,Cadillac
1009mcp,B-Series Plus,1995,Mazda
1192rmg,EX,2012,Infiniti
8513wqz,V40,2003,Volvo
8782ogg,Expedition,1997,Ford
7302rfo,Mirage,1990,Mitsubishi
5292iuv,Dakota Club,1997,Dodge
2445wtz,Laser,1985,Ford
5825atn,Genesis,2012,Hyundai
1918osz,M3,2004,BMW
8087vjq,Highlander,2003,Toyota
3251xge,X5,2006,BMW
9601hme,Space,1984,Mitsubishi
1682ejk,RX,2011,Lexus
9699zqk,612 Scaglietti,2009,Ferrari
9754yrq,ES,2005,Lexus
8431aba,Sienna,2000,Toyota
3673ivo,Sierra 1500,1999,GMC
6127uka,IS,2004,Lexus
1776fjv,Contour,1999,Ford
7736rqh,Avalon,1998,Toyota
6291eed,Thunderbird,1985,Ford
1819dfc,XK,2012,Jaguar
7374nnk,Galant,2008,Mitsubishi
6435fso,Explorer Sport Trac,2003,Ford
3851bxw,Escape,2013,Ford
4060jlm,Explorer,2002,Ford
6427wij,Express 2500,2004,Chevrolet
2232uro,545,2005,BMW
4756evh,Breeze,1999,Plymouth
5178yfd,S4,2002,Audi
3543fbb,SL-Class,2009,Mercedes-Benz
4945nfq,1500,1995,Chevrolet
5762kkw,Quattro,1985,Audi
8949dlg,PT Cruiser,2009,Chrysler
5528xtf,MKS,2010,Lincoln
6222eks,Town & Country,1997,Chrysler
8302tuu,911,2009,Porsche
8609avu,200,2011,Chrysler
7394rmj,MPV,1993,Mazda
2682wgp,XK Series,2002,Jaguar
7617fwx,Mazda6,2006,Mazda
8442wsv,PT Cruiser,2006,Chrysler
6185pks,LeMans,1968,Pontiac
8315kkb,Envoy XL,2004,GMC
1362sqs,H3,2008,Hummer
8631vkx,XL-7,2001,Suzuki
0668uus,L300,1987,Mitsubishi
9120gja,D350,1992,Dodge
7929uym,Nitro,2010,Dodge
4703iff,Intrepid,1997,Dodge
3977kgy,2500,1999,Chevrolet
0368ibd,Veloster,2013,Hyundai
7397lmh,Thunderbird,1977,Ford
7467zga,M-Class,2010,Mercedes-Benz
7220xdh,XK Series,2002,Jaguar
5284adp,MX-5,1994,Mazda
1572otn,Continental GTC,2012,Bentley
8257fjb,Titan,2004,Nissan
8540wsd,Grand Cherokee,2012,Jeep
3812nqz,S6,2011,Audi
7771ovi,Rodeo,1997,Isuzu
7744zlg,Discovery,2007,Land Rover
6694gof,Ram Van 1500,1997,Dodge
2839wei,Sebring,2007,Chrysler
2231qud,Jetta,1992,Volkswagen
5928yae,Seville,1999,Cadillac
4669xkc,FJ Cruiser,2008,Toyota
6202sdr,F350,1995,Ford
6148cdg,xA,2006,Scion
0933cvj,Rally Wagon G3500,1996,GMC
4412cuu,MPV,1989,Mazda
1989lvs,929,1992,Mazda
3181suf,CL,1997,Acura
4575llw,E150,2006,Ford
8378itk,Cutlass Supreme,1994,Oldsmobile
9217yff,Phantom,2006,Rolls-Royce
6565uqb,626,1985,Mazda
5542cwa,Sonata,1992,Hyundai
4537fog,Z4,2008,BMW
4867jeo,600SL,1993,Mercedes-Benz
3464ryh,SLK-Class,2011,Mercedes-Benz
8875his,Beretta,1993,Chevrolet
2547tgj,Excursion,2000,Ford
6223lsy,Tahoe,1997,Chevrolet
5979zje,Montero,2002,Mitsubishi
3605equ,Edge,2010,Ford
2243lql,MKT,2013,Lincoln
4900gyy,Commander,2010,Jeep
8700ziu,Q,1992,Infiniti
6376sfj,C-Class,2010,Mercedes-Benz
0210tox,S2000,2007,Honda
5727sna,Impala,2001,Chevrolet
7709nij,LTD,1986,Ford
1780yag,Explorer Sport,2002,Ford
5404xbp,Sonata,2007,Hyundai
0014knm,Ram 3500 Club,1995,Dodge
4298djr,LX,2005,Lexus
8287evn,Eclipse,2012,Mitsubishi
3417kim,X5,2001,BMW
1267jkv,Continental,1997,Lincoln
8970cla,LX,1996,Lexus
3527bdk,Sentra,2009,Nissan
1160dcq,HHR,2006,Chevrolet
9655mhe,Suburban 2500,2001,Chevrolet
6157veg,Quattroporte,2006,Maserati
3185gbf,Mariner,2011,Mercury
8592qfi,Silverado 2500,2000,Chevrolet
2953tif,F250,2000,Ford
4421xso,FJ Cruiser,2011,Toyota
3864zsk,Cayenne,2008,Porsche
4384yvt,Santa Fe,2008,Hyundai
5440lxv,E-Series,1989,Ford
0543oak,EXP,1985,Ford
1964zwf,C-Class,1993,Mercedes-Benz
7257ffs,Range Rover,2011,Land Rover
2884xjq,S4,2005,Audi
7100ysm,Justy,1994,Subaru
9268pxa,E250,2010,Ford
4702kpa,LTD,1985,Ford
0421sng,Rendezvous,2006,Buick
0065ykf,Continental Super,2010,Bentley
5451fom,XC70,2006,Volvo
7941dot,Mirage,2000,Mitsubishi
5871keh,Frontier,2001,Nissan
5238ncb,X6 M,2010,BMW
5697rpm,Torino,1970,Ford
0040zol,Avalon,1999,Toyota
5689rpi,Mazda5,2006,Mazda
1624diw,Z4,2012,BMW
3079fyp,SJ 410,1986,Suzuki
5087jbl,E-Series,2002,Ford
3470bem,Ram 1500 Club,1997,Dodge
5111fbv,7 Series,2005,BMW
7393ijv,Aero 8,2007,Morgan
3584btt,G-Series 1500,1998,Chevrolet
2079uxg,Sportvan G30,1992,Chevrolet
2532zpr,Sierra 1500,2011,GMC
9234aac,H2 SUT,2006,Hummer
7688mrp,Lancer,2008,Mitsubishi
0279thq,Insight,2003,Honda
6043qyq,Impala,2001,Chevrolet
5142rak,A4,2009,Audi
2120jmi,Astro,2001,Chevrolet
8945ubv,Dakota,2001,Dodge
5313tnd,Matrix,2010,Toyota
1447pco,Mark VII,1984,Lincoln
8810zbf,CTS,2003,Cadillac
5442uwn,Ram 3500,2006,Dodge
7901xlf,Tercel,1998,Toyota
5074xqu,VUE,2006,Saturn
8293odg,F350,2003,Ford
7515hsl,GTI,1989,Volkswagen
0501ofh,MPV,2000,Mazda
5283kon,2500,1993,Chevrolet
2674amc,Pajero,2006,Mitsubishi
2752tay,Integra,2001,Acura
4423mmx,GTI,2009,Volkswagen
4476sjo,Ridgeline,2007,Honda
8791xvw,911,2005,Porsche
7057nlq,GLK-Class,2011,Mercedes-Benz
6015hye,928,1987,Porsche
4433yxr,Express 3500,2012,Chevrolet
0497kqr,R-Class,2012,Mercedes-Benz
4530zrc,Mirage,1996,Mitsubishi
0440zgp,Rodeo,1999,Isuzu
0795jey,Mustang,2003,Ford
6325rxe,Excel,1989,Mitsubishi
9092gjy,Mustang,1994,Ford
5605vgw,Nitro,2008,Dodge
8380svi,Bronco,1985,Ford
0232yil,Solara,2002,Toyota
1318ofa,XL7,2009,Suzuki
0034vju,Caravan,2005,Dodge
3720icw,Suburban 1500,1992,Chevrolet
4642sgn,Durango,2001,Dodge
9943ptc,Santa Fe,2008,Hyundai
5674evu,Ram 3500,2003,Dodge
6075knh,Express 1500,1997,Chevrolet
2148wjr,Rondo,2010,Kia
5713bmx,6000,1988,Pontiac
3895qot,H3T,2010,Hummer
9562owr,Sportage,2010,Kia
6016eqn,Ram Wagon B350,1994,Dodge
9740rtn,CLK-Class,1998,Mercedes-Benz
2482ysc,LX,2008,Lexus
6538bar,Express 3500,2003,Chevrolet
7473qdf,S90,1998,Volvo
1927mas,Dakota Club,1993,Dodge
8830pfa,400E,1992,Mercedes-Benz
8638lbq,Cavalier,1998,Chevrolet
1064vhq,RX-7,1985,Mazda
7169imc,Chariot,1993,Mitsubishi
3549cmc,911,2010,Porsche
3558dbk,Voyager,1985,Plymouth
5499xct,Parisienne,1986,Pontiac
3144guv,SVX,1995,Subaru
5181ago,G,2006,Infiniti
3795wpu,Sidekick,1996,Suzuki
1360vkn,Suburban 1500,1997,GMC
2953qgr,Grand Am,1995,Pontiac
2385lmh,Yukon XL 2500,2009,GMC
2029fvk,Savana,2012,GMC
6488ckk,Monterey,2005,Mercury
2258nnl,Town & Country,2009,Chrysler
6516uzw,Land Cruiser,1992,Toyota
7962fcj,Celica,1983,Toyota
6225hyl,XK,2012,Jaguar
3697liv,Tribeca,2008,Subaru
6686wmh,MKX,2007,Lincoln
2238gqn,E-Class,2005,Mercedes-Benz
5638osi,Sierra Hybrid,2006,GMC
3572lnx,Civic,1998,Honda
2638cyz,C30,2011,Volvo
4931vrl,2500,1995,Chevrolet
5193cfr,Q7,2008,Audi
5834yaa,Range Rover,2011,Land Rover
7109hsp,V50,2008,Volvo
4952aec,Escort,1990,Ford
2932pcg,Neon,1998,Plymouth
9505wot,CX-7,2007,Mazda
5589nuk,Golf,1992,Volkswagen
8008xhf,S-Class,1989,Mercedes-Benz
0110uoy,Capri,1985,Mercury
1046tqr,Outback,2007,Subaru
9588llq,Ranger,1994,Ford
0570mjj,Rodeo Sport,2003,Isuzu
9164eoj,Bronco,1990,Ford
8561qzc,Aerostar,1996,Ford
1886wtu,Pathfinder,2011,Nissan
7031nyl,Charger,2007,Dodge
0038ded,B-Series,1991,Mazda
0133aet,Econoline E350,2000,Ford
0115naw,Mustang,2007,Ford
0415yzv,Leone,1987,Subaru
0547hju,9-5,2004,Saab
4654ezi,Sonata,2008,Hyundai
7980euy,F-Series Super Duty,2010,Ford
9479waf,Tiburon,1999,Hyundai
3609hem,Brooklands,2009,Bentley
0146vmo,Elantra,1994,Hyundai
3241cdl,Sebring,2008,Chrysler
8349hlb,Concorde,1999,Chrysler
8086fbh,Envoy,2004,GMC
2044ddr,B-Series Plus,1992,Mazda
5572ljv,Celica,1982,Toyota
3624ldg,XC70,2010,Volvo
1421dzg,LR3,2009,Land Rover
8537wnj,Esteem,1996,Suzuki
6306rsq,Grand Cherokee,1997,Jeep
5906brj,Cabriolet,2002,Volkswagen
7178yqu,Touareg 2,2008,Volkswagen
1481lmw,323,1992,Mazda
8071ozu,Z4,2009,BMW
4379npj,MX-5,2004,Mazda
5528cep,Dakota,1999,Dodge
4038int,5000S,1986,Audi
3890nsk,9-3,2002,Saab
4498ivy,Ram Van 2500,2001,Dodge
1344adm,Jetta,1999,Volkswagen
2880mvt,Intrepid,1998,Dodge
0536jke,Previa,1994,Toyota
2470new,MPV,2002,Mazda
2009hiu,F-Series,1987,Ford
0600byo,Tiburon,2001,Hyundai
7122cwd,Astro,1996,Chevrolet
2793wzx,Spider,1994,Alfa Romeo
2098srm,S60,2001,Volvo
6357wsg,GX,2012,Lexus
1784gil,Passat,1987,Volkswagen
0049dem,Milan,2008,Mercury
9393wpc,MR2,1985,Toyota
1204xqj,Express 1500,2005,Chevrolet
1429cng,Stratus,2006,Dodge
3163mlx,Corvette,2000,Chevrolet
3715rmz,GT,2006,Ford
4805vux,Corolla,2006,Toyota
0893eim,DTS,2008,Cadillac
5919zmm,Skylark,1995,Buick
2876kvj,1500 Club Coupe,1992,GMC
7185snc,Pacifica,2007,Chrysler
9166smr,M,2004,Infiniti
7109vgc,Talon,1990,Eagle
1727ocu,VUE,2005,Saturn
3713jwh,Chariot,1995,Mitsubishi
5978tev,Sorento,2007,Kia
2357qnb,Frontier,2001,Nissan
1681bxj,6000,1986,Pontiac
6324vcz,Silverado 2500,2000,Chevrolet
2020crn,Jetta,2003,Volkswagen
